bin_HH,nEvents,Efficiencies
50,8,0.00016
100,3,6e-05
150,1,2e-05
200,2,4e-05
250,3,6e-05
300,8,0.00016
350,6,0.00012
400,7,0.00014
500,11,0.00022
600,34,0.00068
