bin_HH,nEvents,Efficiencies
150,0,0
200,0,0
250,1,2e-05
300,2,4e-05
350,2,4e-05
400,0,0
450,2,4e-05
500,3,6e-05
550,6,0.00012
650,51,0.00102
