bin_HH,nEvents,Efficiencies
150,0,0
200,0,0
250,0,0
300,5,0.0001
350,4,8e-05
400,5,0.0001
450,4,8e-05
500,9,0.00018
550,26,0.00052
650,157,0.00314
