bin_HH,nEvents,Efficiencies
50,5,0.0001
70,6,0.00012
80,13,0.00026
90,21,0.00042
100,43,0.00086
120,45,0.0009
140,69,0.00138
160,37,0.00074
180,44,0.00088
200,42,0.00084
220,41,0.00082
240,33,0.00066
260,27,0.00054
280,29,0.00058
300,31,0.00062
320,22,0.00044
340,27,0.00054
360,46,0.00092
400,114,0.00228
500,68,0.00136
600,39,0.00078
700,37,0.00074
800,69,0.00138
