bin_HH,nEvents,Efficiencies
150,0,0
200,0,0
250,0,0
300,3,6e-05
350,2,4e-05
400,6,0.00012
450,5,0.0001
500,10,0.0002
550,18,0.00036
650,278,0.00556
