bin_HH,nEvents,Efficiencies
150,0,0
200,0,0
250,0,0
300,0,0
350,0,0
400,0,0
450,0,0
500,3,6e-05
600,2,4e-05
700,3,6e-05
800,12,0.00024
900,8,0.00016
1000,29,0.00058
1150,33,0.00066
