bin_HH,nEvents,Efficiencies
150,2,4e-05
200,1,2e-05
250,3,6e-05
300,2,4e-05
350,2,4e-05
400,2,4e-05
450,5,0.0001
500,4,8e-05
550,6,0.00012
650,26,0.00052
