Mass,LM11L,LM21L,LM31L,LM11R,LM21R,LM31R,LM12L,LM22L,LM32L,LM12R,LM22R,LM32R,LM13L,LM23L,LM33L,LM13R,LM23R,LM33R
1000,-1.0334,-0.2158876,-0.0646238,-0.400158,-0.081008,-0.02413852,-1.0334,-0.2158163,-0.0646238,-0.400158,-0.081008,-0.02413852,-1.032122,-0.2154314,-0.0648048,-0.40083,-0.0808357,-0.0242302
1500,-0.46684,-0.0971551,-0.02911302,-0.1803359,-0.03639588,-0.01086495,-0.46684,-0.215668,-0.02911302,-0.1803359,-0.03639588,-0.01086495,-0.465663,-0.0969258,-0.02908087,-0.1809206,-0.03643621,-0.01089489
2000,-0.2638495,-0.054465,-0.0164231,-0.1024911,-0.02049409,-0.00616062,-0.2638495,-0.0547238,-0.0164231,-0.1024911,-0.02049409,-0.00616062,-0.265397,-0.0547673,-0.01638685,-0.1028983,-0.0205911,-0.00616117
2500,-0.1697437,-0.03506899,-0.01051223,-0.0658506,-0.01318453,-0.003932078,-0.1697437,-0.03503559,-0.01051223,-0.0658506,-0.01318453,-0.003932078,-0.1686338,-0.03492881,-0.01055709,-0.0654544,-0.01311605,-0.003949251
3000,-0.1182996,-0.02445397,-0.00731827,-0.0459256,-0.00919593,-0.002739129,-0.1182996,-0.02443411,-0.00731827,-0.0459256,-0.00919593,-0.002739129,-0.118213,-0.0244493,-0.00727795,-0.0458667,-0.00918351,-0.002728179
