Mass,LM11L,LM21L,LM31L,LM11R,LM21R,LM31R,LM12L,LM22L,LM32L,LM12R,LM22R,LM32R,LM13L,LM23L,LM33L,LM13R,LM23R,LM33R
1000,0.255953307,0.016706607,0.012352288,0.094938307,0.015035107,0.012352288,0.256917307,0.016694107,0.012352288,0.094938307,0.015035107,0.012352288,0.256707307,0.016702307,0.012359818,0.094557307,0.015040707,0.012359818
1500,0.01460826632,0.00075315632,0.0005613188,0.00483649632,0.00069524632,0.0005613188,0.01463936632,0.00075366632,0.0005613188,0.00483649632,0.00069524632,0.0005613188,0.01462046632,0.00075256632,0.0005614998,0.00481697632,0.00069383632,0.0005614998
2000,0.001155267686,4.88E-05,3.60E-05,0.000338196686,4.60E-05,3.60E-05,0.001154457686,4.87E-05,3.60E-05,0.000338196686,4.60E-05,3.60E-05,0.001153587686,4.88E-05,3.60E-05,0.000337894686,4.60E-05,3.60E-05
2500,0.00010335817757,3.70E-06,2.67E-06,2.72E-05,3.56E-06,2.67E-06,0.00010352837757,3.69E-06,2.67E-06,2.72E-05,3.56E-06,2.67E-06,0.00010340837757,3.69E-06,2.67E-06,2.72E-05,3.55E-06,2.67E-06
3000,9.88E-06,3.09E-07,2.20E-07,2.38E-06,3.04E-07,2.20E-07,9.88E-06,3.08E-07,2.20E-07,2.38E-06,3.04E-07,2.20E-07,9.87E-06,3.08E-07,2.20E-07,2.39E-06,3.03E-07,2.20E-07
