Mass,LM11L,LM21L,LM31L,LM11R,LM21R,LM31R,LM12L,LM22L,LM32L,LM12R,LM22R,LM32R,LM13L,LM23L,LM33L,LM13R,LM23R,LM33R
1000,0.65699925765,0.09445295395,0.06172794504,0.6047746395,0.1300782656,0.09628753232,0.65624485765,0.09479665395,0.06172794504,0.6047746395,0.1300782656,0.09628753232,0.65666149013,0.0945089936,0.06184980319,0.60353180736,0.13007138466,0.09614161607
1500,0.0450484105191,0.0050009989031,0.0027486545539,0.0402727492873,0.0062089426063,0.0038905871795,0.0450931905191,0.0050158569031,0.0027486545539,0.0402727492873,0.0062089426063,0.0038905871795,0.0452147134934,0.0050163611444,0.0027568869266,0.0403114411241,0.0062142277511,0.0038885615822
2000,0.00494827520608,0.00048441999308,0.00022072155379,0.00442114418484,0.00055029988584,0.00027943803053,0.00494041250608,0.00048462469308,0.00022072155379,0.00442114418484,0.00055029988584,0.00027943803053,0.00494652581544,0.00048534156434,0.00022082832225,0.00441596757655,0.00055169591995,0.00027930131821
2500,0.00072151761362,6.61E-05,2.51E-05,0.000660541755375,7.06E-05,2.88E-05,0.00072160572362,6.62E-05,2.51E-05,0.000660541755375,7.06E-05,2.88E-05,0.000720761620764,6.62E-05,2.51E-05,0.000659880431376,7.06E-05,2.88E-05
3000,0.000127316868989,1.12E-05,3.58E-06,0.000119425019147,1.16E-05,3.85E-06,0.000127078439989,1.12E-05,3.58E-06,0.000119425019147,1.16E-05,3.85E-06,0.000127220909558,1.12E-05,3.58E-06,0.000119553018297,1.16E-05,3.85E-06
