Mass,LM11L,LM21L,LM31L,LM11R,LM21R,LM31R,LM12L,LM22L,LM32L,LM12R,LM22R,LM32R,LM13L,LM23L,LM33L,LM13R,LM23R,LM33R
1000,0.5613,0.070534,0.020154,0.56412,0.070534,0.020154,0.56412,0.070549,0.020154,0.56412,0.070534,0.020154,0.56362,0.07061,0.020139,0.56362,0.07061,0.020139
1500,0.12976,0.015265,0.0042576,0.12999,0.015265,0.0042576,0.12999,0.0152,0.0042576,0.12999,0.015265,0.0042576,0.12939,0.015186,0.0043098,0.12939,0.015186,0.0043098
2000,0.044479,0.0050174,0.0014067,0.0445,0.0050174,0.0014067,0.0445,0.0050067,0.0014067,0.0445,0.0050174,0.0014067,0.044339,0.0050585,0.0013881,0.044339,0.0050585,0.0013881
2500,0.018897,0.0021027,0.00058853,0.01871,0.0021027,0.00058853,0.01871,0.0020975,0.00058853,0.01871,0.0021027,0.00058853,0.018947,0.0020973,0.00059574,0.018947,0.0020973,0.00059574
3000,0.0093852,0.0010343,0.00029103,0.0092651,0.0010343,0.00029103,0.0092651,0.0010279,0.00029103,0.0092651,0.0010343,0.00029103,0.0094573,0.0010277,0.00028739,0.0094573,0.0010277,0.00028739
