bin_HH,nEvents,Efficiencies
50,4,8e-05
100,11,0.00022
150,15,0.0003
200,16,0.00032
250,10,0.0002
300,8,0.00016
350,10,0.0002
400,14,0.00028
500,11,0.00022
600,19,0.00038
