bin_HH,nEvents,Efficiencies
150,5,0.0001
200,2,4e-05
250,6,0.00012
300,5,0.0001
350,4,8e-05
400,7,0.00014
450,3,6e-05
500,6,0.00012
550,6,0.00012
650,18,0.00036
