bin_HH,nEvents,Efficiencies
150,0,0
200,0,0
250,0,0
300,0,0
350,0,0
400,0,0
450,2,4e-05
500,5,0.0001
600,4,8e-05
700,15,0.0003
800,19,0.00038
900,23,0.00046
1000,38,0.00076
1150,101,0.00202
