bin_HH,nEvents,Efficiencies
150,0,0
200,0,0
250,0,0
300,0,0
350,0,0
400,3,6e-05
450,3,6e-05
500,2,4e-05
550,7,0.00014
650,48,0.00096
