bin_HH,nEvents,Efficiencies
50,2,4e-05
100,2,4e-05
150,3,6e-05
200,3,6e-05
250,3,6e-05
300,4,8e-05
350,1,2e-05
400,8,0.00016
500,5,0.0001
600,51,0.00102
