bin_HH,nEvents,Efficiencies
150,0,0
200,0,0
250,0,0
300,1,2e-05
350,0,0
400,0,0
450,0,0
500,0,0
550,8,0.00016
650,39,0.00078
