bin_HH,nEvents,Efficiencies
150,0,0
200,0,0
250,1,2e-05
300,0,0
350,0,0
400,1,2e-05
450,1,2e-05
500,0,0
550,9,0.00018
650,26,0.00052
