bin_HH,nEvents,Efficiencies
50,8,0.00016
100,10,0.0002
150,2,4e-05
200,3,6e-05
250,5,0.0001
300,6,0.00012
350,2,4e-05
400,7,0.00014
500,7,0.00014
600,23,0.00046
