bin_HH,nEvents,Efficiencies
150,0,0
200,0,0
250,2,4e-05
300,1,2e-05
350,0,0
400,0,0
450,5,0.0001
500,4,8e-05
550,11,0.00022
650,257,0.00514
