bin_HH,nEvents,Efficiencies
50,28,0.00056
70,7,0.00014
80,11,0.00022
90,9,0.00018
100,16,0.00032
120,9,0.00018
140,11,0.00022
160,11,0.00022
180,6,0.00012
200,15,0.0003
220,11,0.00022
240,10,0.0002
260,9,0.00018
280,8,0.00016
300,10,0.0002
320,14,0.00028
340,9,0.00018
360,26,0.00052
400,45,0.0009
500,60,0.0012
600,40,0.0008
700,47,0.00094
800,200,0.004
