bin_HH,nEvents,Efficiencies
150,0,0
200,0,0
250,1,2e-05
300,2,4e-05
350,3,6e-05
400,3,6e-05
450,7,0.00014
500,17,0.00034
600,37,0.00074
700,45,0.0009
800,47,0.00094
900,46,0.00092
1000,53,0.00106
1150,176,0.00352
