bin_HH,nEvents,Efficiencies
50,4,8e-05
70,2,4e-05
80,1,2e-05
90,3,6e-05
100,3,6e-05
120,2,4e-05
140,5,0.0001
160,5,0.0001
180,2,4e-05
200,5,0.0001
220,3,6e-05
240,3,6e-05
260,4,8e-05
280,4,8e-05
300,4,8e-05
320,4,8e-05
340,3,6e-05
360,7,0.00014
400,17,0.00034
500,29,0.00058
600,18,0.00036
700,21,0.00042
800,109,0.00218
