bin_HH,nEvents,Efficiencies
50,26,0.00052
70,6,0.00012
80,11,0.00022
90,8,0.00016
100,14,0.00028
120,16,0.00032
140,17,0.00034
160,18,0.00036
180,17,0.00034
200,21,0.00042
220,22,0.00044
240,19,0.00038
260,19,0.00038
280,15,0.0003
300,17,0.00034
320,13,0.00026
340,28,0.00056
360,29,0.00058
400,63,0.00126
500,88,0.00176
600,81,0.00162
700,52,0.00104
800,293,0.00586
