bin_HH,nEvents,Efficiencies
150,0,0
200,0,0
250,0,0
300,0,0
350,0,0
400,1,2e-05
450,0,0
500,1,2e-05
550,6,0.00012
650,22,0.00044
