bin_HH,nEvents,Efficiencies
150,1,2e-05
200,0,0
250,2,4e-05
300,3,6e-05
350,1,2e-05
400,0,0
450,3,6e-05
500,0,0
550,6,0.00012
650,18,0.00036
