bin_HH,nEvents,Efficiencies
150,0,0
200,3,6e-05
250,2,4e-05
300,7,0.00014
350,2,4e-05
400,4,8e-05
450,4,8e-05
500,3,6e-05
550,8,0.00016
650,12,0.00024
