bin_HH,nEvents,Efficiencies
150,0,0
200,0,0
250,0,0
300,0,0
350,0,0
400,0,0
450,0,0
500,1,2e-05
600,3,6e-05
700,8,0.00016
800,6,0.00012
900,13,0.00026
1000,21,0.00042
1150,59,0.00118
