bin_HH,nEvents,Efficiencies
150,1,2e-05
200,1,2e-05
250,3,6e-05
300,1,2e-05
350,2,4e-05
400,3,6e-05
450,4,8e-05
500,3,6e-05
550,6,0.00012
650,13,0.00026
