bin_HH,nEvents,Efficiencies
150,0,0
200,0,0
250,0,0
300,1,2e-05
350,1,2e-05
400,2,4e-05
450,0,0
500,6,0.00012
600,7,0.00014
700,6,0.00012
800,16,0.00032
900,9,0.00018
1000,12,0.00024
1150,37,0.00074
